channel,invite_url_occurrences,unique_invite_urls,sample_invite_url
amorporfrases,1,1,https://t.me/+1CSqe33NyYBhZDBh
anime_nation,1,1,https://t.me/+bWVvL-RIqoZkYjlk
animenation_ongoing,1,1,https://t.me/+XTg4G5-BY9AyZTI0
animeseriestamildubbed,1,1,https://t.me/+jdbGuaWklXc5OTY9
animesfinalizadosz,5,5,https://t.me/+8Td8q5ostBY0NDRh
anirehab,1,1,https://t.me/+XMIRmdoSZEZhY2U0
arsenal4everyone,1,1,https://t.me/+Y9PUTx66kPQ4M2U1
ayinneethastories,4,4,https://t.me/+Av2eJMgsxx5kY2Zl
banished_from_the_hero_party,4,4,https://t.me/+5DfxTXzv3INhZGU1
bleach_english_dubb,3,3,https://t.me/+1QB56iJ3jMU0MDk1
bolidbazar,1,1,https://t.me/boost/bolidbazar
chelsea_fc_worldwide,1,1,https://t.me/+QRIjdUbcr5JhMWE0
criclounge,3,3,https://t.me/+EWvuhy7epmA5YjBk
dark_gathering_anime_season_1,3,3,https://t.me/+1QB56iJ3jMU0MDk1
deadpool_3_wolverine_and,1,1,https://t.me/+F6Pf59Og9StiZTRh
deadtoonsdti,1,1,https://t.me/+TI50yTzEkdBjNjI1
delicious_flight,16,16,https://t.me/+-9z7QMXzEdRmNDgy
dragonmoviez,1,1,https://t.me/+klSOFpPTtw9iNDg0
dubbedanime1,1,1,https://t.me/+fUKywwpQRDM4ZTc1
englishsubtitles,1,1,https://t.me/+I6x-lSpG9nxkZTBl
farzzadsoleimani,1,1,https://t.me/+W9hiDuv_Z3s0Y2Q0
ffans,1,1,https://t.me/joinchat/fmzXjblyfy44Y2Fk
fh_team,15,15,https://t.me/+-9z7QMXzEdRmNDgy
filmlost,1,1,https://t.me/boost/filmlost
films_series_exclu,2,2,https://t.me/+6SZrdghRbq5kNjg0
filmserieboxx,2,2,https://t.me/+SromZ0Jx-NwyMGQ0
filmy_india_official,3,3,https://t.me/+T5U74IXz2cgyZjU9
full_screen_hd_status_hindi,7,7,https://t.me/+5_S4dXD--sZhNzBl
gabriels_inferno,12,12,https://t.me/+2MaPVPOln2k2ZWNl
gfiteam,2,2,https://t.me/+Az7N4JsGCWJmNzc1
gluniversemainchannel2,3,3,https://t.me/+7m51NfIZLc5lMTc1
havoc_os,2,2,https://t.me/+-v4hKBRwqeA4NzM9
ian_samer_halther,1,1,https://t.me/boost/ian_samer_halther
id_film,3,3,https://t.me/+Az7N4JsGCWJmNzc1
inglizcha_lugatlaruz,1,1,https://t.me/boost/Inglizcha_LugatlarUz
jujitsukaisen1,1,1,https://t.me/+h6awv01PrD04NjE1
koreanmoviestamil,2,2,https://t.me/+8caZPRwr84Q5M2E9
kurdsubtitle_anime,1,1,https://t.me/+OD0Uua4kO_E3YTYy
lebowskiposts,1,1,https://t.me/addlist/ScMzBVRjo75kZjJi
locke_key_locke_key_horror_serie,1,1,https://t.me/+UVtLTtfCPkQ3Mzll
mantaghe_ye_azad,1,1,https://t.me/+nJ_yuN1ATpg4NmZk
mashle_magic_tamil_dubbed,1,1,https://t.me/+ZUAx5C9Ctv5hMTBl
mehrtab1400,1,1,https://t.me/+CzbBxhm1rrwxNDFk
motion_picture_love,1,1,https://t.me/+6jKmgqoU2Sw1ODA0
movie_moarref,1,1,https://t.me/+vmWi3Lhu9zA3MDlk
mr_artuuur,1,1,https://t.me/boost/mr_artuuur
mxplayerlinkstrue,2,2,https://t.me/+dktu2HWSiQgwMDM9
myanimelist,1,1,https://t.me/+pDoUrISKE4RhZWM0
naruto_shippuden_hindi_dubbed_ak,2,2,https://t.me/+1UQiFsiZ4ws3NDll
netflixserievf,2,2,https://t.me/+B78pw2MunqJjZjlk
ownkvarietymain,13,13,https://t.me/+-HXZxk-Z6ABjMzA1
pianozon,1,1,https://t.me/+LdNeVqb0p0c5ZGQ0
quality_assurance_another_in,3,3,https://t.me/+1QB56iJ3jMU0MDk1
sanju_films,1,1,https://t.me/addlist/sSVexirfZAAwMDk1
summoned_to_other_world,3,3,https://t.me/+1QB56iJ3jMU0MDk1
telugutoonlover,3,3,https://t.me/+R5od0Bvc3o8xZTg9
the_equalizer_vf,3,3,https://t.me/+6SZrdghRbq5kNjg0
the_pirate_encores,1,1,https://t.me/+sQL1n2tBDpNiNzIx
the_prince_of_tennis_2_u17_world,3,3,https://t.me/+1QB56iJ3jMU0MDk1
trollhunters,1,1,https://t.me/+8tGbWVeQDohiNjQ8
welcome_to_demon_school_anime_en,3,3,https://t.me/+1QB56iJ3jMU0MDk1
xerifetechyoutube,1,1,https://t.me/+Z5z5p39A0EdmZTYx
xtreammedia,1,1,https://t.me/+60mUNRAQiI01OTRh
ymoviz,1,1,https://t.me/+T0J4PKcRL8Y3NDVk
